,respnum,sf_resident,county,gender,gender_code,race,race_code,income,income_code,age,age_code,car_reason_hard,car_trips,taxi_trips,public_trips,mass_private_trips,legs_trips,other_trips,targ_trips,targ_car_trips,targ_taxi_trips,targ_public_trips,avg_travel_dist,value
0,2,0,Alameda,Male,1,Asian,1,Less than 15k,1,35-44,3,1,6.0,0.0,2.0,0.0,0.0,0.0,1.6,1.5,0.0,0.1,55,88.0
3,38,0,Solano,Male,1,Asian,1,75k-100k,5,55-64,5,1,18.0,0.0,0.0,0.0,0.0,0.0,4.5,4.5,0.0,0.0,60,270.0
5,105,0,San Mateo,Female,2,Asian,1,35k-75k,4,35-44,3,1,10.0,0.0,50.0,0.0,0.0,0.0,5.0,2.5,0.0,2.5,30,150.0
6,111,0,Solano,Male,1,Native American,5,35k-75k,4,45-54,4,0,18.0,0.0,0.0,0.0,0.0,24.0,13.5,13.5,0.0,0.0,60,810.0
7,136,0,Contra Costa,Female,2,White,4,35k-75k,4,55-64,5,0,0.0,0.0,4.0,0.0,0.0,0.0,0.2,0.0,0.0,0.2,40,8.0
8,154,0,Alameda,Female,2,White,4,Unknown,8,55-64,5,0,6.0,0.0,0.0,0.0,0.0,0.0,4.5,4.5,0.0,0.0,55,247.5
9,165,0,San Mateo,Female,2,Refused,7,Unknown,8,45-54,4,1,10.0,0.0,0.0,0.0,0.0,0.0,2.5,2.5,0.0,0.0,30,75.0
10,167,0,Contra Costa,Male,1,White,4,More than 200k,7,35-44,3,0,4.0,0.0,36.0,0.0,0.0,0.0,4.8,3.0,0.0,1.8,40,192.0
11,249,0,Contra Costa,Male,1,Hispanic/Latino,3,35k-75k,4,55-64,5,0,4.0,0.0,0.0,0.0,0.0,0.0,3.0,3.0,0.0,0.0,40,120.0
12,255,0,San Mateo,Male,1,White,4,More than 200k,7,55-64,5,1,2.0,0.0,0.0,0.0,0.0,0.0,0.5,0.5,0.0,0.0,30,15.0
14,318,0,San Mateo,Male,1,Hispanic/Latino,3,100k-200k,6,45-54,4,0,42.0,0.0,0.0,0.0,0.0,0.0,31.5,31.5,0.0,0.0,30,945.0
15,387,0,San Mateo,Female,2,White,4,Unknown,8,45-54,4,0,42.0,0.0,0.0,0.0,0.0,0.0,31.5,31.5,0.0,0.0,30,945.0
16,471,0,Contra Costa,Male,1,White,4,35k-75k,4,18-24,1,0,2.0,0.0,4.0,0.0,0.0,0.0,1.7,1.5,0.0,0.2,40,68.0
17,498,0,Marin,Male,1,Asian,1,100k-200k,6,18-24,1,1,2.0,0.0,2.0,0.0,0.0,0.0,0.6,0.5,0.0,0.1,40,24.0
18,551,0,Marin,Male,1,White,4,75k-100k,5,55-64,5,1,2.0,0.0,0.0,6.0,0.0,0.0,0.5,0.5,0.0,0.0,40,20.0
19,620,0,Contra Costa,Male,1,Asian,1,Unknown,8,25-34,2,1,6.0,6.0,0.0,0.0,0.0,0.0,4.5,1.5,3.0,0.0,40,180.0
20,635,0,San Mateo,Male,1,Asian,1,75k-100k,5,25-34,2,0,0.0,0.0,48.0,0.0,0.0,0.0,2.4000000000000004,0.0,0.0,2.4000000000000004,30,72.00000000000001
22,679,0,Sonoma,Female,2,White,4,Unknown,8,55-64,5,1,2.0,0.0,0.0,0.0,0.0,0.0,0.5,0.5,0.0,0.0,80,40.0
23,575,0,San Mateo,Male,1,African American,2,100k-200k,6,65+,6,1,6.0,0.0,0.0,0.0,0.0,0.0,1.5,1.5,0.0,0.0,30,45.0
24,722,0,San Mateo,Female,2,Asian,1,100k-200k,6,35-44,3,0,2.0,0.0,2.0,0.0,0.0,0.0,1.6,1.5,0.0,0.1,30,48.0
25,735,0,Contra Costa,Male,1,Hispanic/Latino,3,35k-75k,4,18-24,1,0,0.0,0.0,2.0,0.0,0.0,0.0,0.1,0.0,0.0,0.1,40,4.0
26,737,0,Napa,Male,1,White,4,Unknown,8,45-54,4,1,4.0,0.0,0.0,0.0,0.0,0.0,1.0,1.0,0.0,0.0,65,65.0
27,779,0,San Mateo,Female,2,White,4,More than 200k,7,55-64,5,0,8.0,0.0,0.0,0.0,0.0,0.0,6.0,6.0,0.0,0.0,30,180.0
28,849,0,Alameda,Female,2,African American,2,25k-35k,3,55-64,5,0,0.0,0.0,2.0,0.0,0.0,0.0,0.1,0.0,0.0,0.1,55,5.5
29,883,0,San Mateo,Male,1,White,4,100k-200k,6,55-64,5,1,2.0,0.0,0.0,0.0,0.0,6.0,0.5,0.5,0.0,0.0,30,15.0
31,998,0,Alameda,Female,2,White,4,More than 200k,7,45-54,4,0,0.0,0.0,52.0,0.0,0.0,0.0,2.6,0.0,0.0,2.6,55,143.0
32,1076,0,Alameda,Female,2,White,4,100k-200k,6,45-54,4,1,2.0,0.0,2.0,0.0,0.0,0.0,0.6,0.5,0.0,0.1,55,33.0
35,1164,0,Contra Costa,Female,2,African American,2,25k-35k,3,35-44,3,0,4.0,0.0,2.0,0.0,0.0,0.0,3.1,3.0,0.0,0.1,40,124.0
36,1195,0,Contra Costa,Female,2,White,4,100k-200k,6,45-54,4,0,22.0,0.0,4.0,0.0,0.0,0.0,16.7,16.5,0.0,0.2,40,668.0
37,1264,0,Marin,Male,1,Refused,7,Unknown,8,45-54,4,0,14.0,0.0,0.0,0.0,0.0,0.0,10.5,10.5,0.0,0.0,40,420.0
38,1288,0,Santa Clara,Male,1,Asian,1,15k-25k,2,45-54,4,1,4.0,0.0,0.0,0.0,0.0,0.0,1.0,1.0,0.0,0.0,50,50.0
40,1559,0,Alameda,Female,2,White,4,75k-100k,5,45-54,4,0,0.0,0.0,2.0,0.0,0.0,0.0,0.1,0.0,0.0,0.1,55,5.5
41,1600,0,Alameda,Female,2,African American,2,More than 200k,7,35-44,3,0,0.0,0.0,2.0,0.0,0.0,0.0,0.1,0.0,0.0,0.1,55,5.5
42,1677,0,Solano,Male,1,White,4,100k-200k,6,55-64,5,1,30.0,0.0,0.0,0.0,0.0,0.0,7.5,7.5,0.0,0.0,60,450.0
43,820,0,San Mateo,Male,1,White,4,100k-200k,6,65+,6,1,6.0,0.0,0.0,0.0,0.0,0.0,1.5,1.5,0.0,0.0,30,45.0
44,1085,0,Alameda,Female,2,White,4,More than 200k,7,35-44,3,1,20.0,0.0,0.0,0.0,0.0,0.0,5.0,5.0,0.0,0.0,55,275.0
46,1827,0,San Mateo,Female,2,White,4,75k-100k,5,65+,6,0,0.0,0.0,4.0,0.0,0.0,0.0,0.2,0.0,0.0,0.2,30,6.0
47,1849,0,Alameda,Female,2,Hispanic/Latino,3,15k-25k,2,65+,6,0,0.0,0.0,2.0,0.0,0.0,0.0,0.1,0.0,0.0,0.1,55,5.5
48,1856,0,Marin,Female,2,Hispanic/Latino,3,Unknown,8,65+,6,1,8.0,0.0,4.0,0.0,0.0,0.0,2.2,2.0,0.0,0.2,40,88.0
51,2037,0,San Mateo,Female,2,White,4,More than 200k,7,45-54,4,1,16.0,0.0,0.0,0.0,0.0,0.0,4.0,4.0,0.0,0.0,30,120.0
54,2067,0,Contra Costa,Male,1,White,4,Unknown,8,55-64,5,1,30.0,0.0,0.0,0.0,0.0,0.0,7.5,7.5,0.0,0.0,40,300.0
56,2204,0,Contra Costa,Male,1,Hispanic/Latino,3,75k-100k,5,25-34,2,1,2.0,0.0,0.0,0.0,0.0,0.0,0.5,0.5,0.0,0.0,40,20.0
57,2246,0,San Mateo,Male,1,Hispanic/Latino,3,Less than 15k,1,25-34,2,1,44.0,0.0,0.0,0.0,0.0,0.0,11.0,11.0,0.0,0.0,30,330.0
59,2416,0,Santa Clara,Female,2,Hispanic/Latino,3,100k-200k,6,35-44,3,1,4.0,0.0,0.0,0.0,0.0,0.0,1.0,1.0,0.0,0.0,50,50.0
63,2527,0,Alameda,Male,1,White,4,More than 200k,7,35-44,3,0,20.0,0.0,0.0,0.0,0.0,0.0,15.0,15.0,0.0,0.0,55,825.0
64,2559,0,San Mateo,Male,1,White,4,35k-75k,4,65+,6,1,6.0,0.0,0.0,0.0,0.0,0.0,1.5,1.5,0.0,0.0,30,45.0
65,2584,0,San Mateo,Male,1,Asian,1,100k-200k,6,25-34,2,0,0.0,8.0,4.0,0.0,0.0,0.0,4.2,0.0,4.0,0.2,30,126.0
66,2656,0,Contra Costa,Female,2,White,4,Unknown,8,18-24,1,0,2.0,0.0,6.0,0.0,0.0,0.0,1.8,1.5,0.0,0.30000000000000004,40,72.0
67,2681,0,Contra Costa,Male,1,White,4,More than 200k,7,45-54,4,0,4.0,0.0,0.0,0.0,0.0,0.0,3.0,3.0,0.0,0.0,40,120.0
68,2703,0,Alameda,Female,2,White,4,Unknown,8,25-34,2,1,4.0,0.0,24.0,0.0,0.0,0.0,2.2,1.0,0.0,1.2000000000000002,55,121.00000000000001
69,2867,0,Alameda,Female,2,African American,2,35k-75k,4,35-44,3,1,2.0,0.0,0.0,0.0,0.0,0.0,0.5,0.5,0.0,0.0,55,27.5
71,2888,0,Sonoma,Female,2,White,4,35k-75k,4,45-54,4,1,2.0,0.0,0.0,0.0,0.0,0.0,0.5,0.5,0.0,0.0,80,40.0
72,2903,0,Alameda,Male,1,White,4,75k-100k,5,25-34,2,1,6.0,4.0,0.0,0.0,0.0,0.0,3.5,1.5,2.0,0.0,55,192.5
73,2904,0,San Mateo,Male,1,Refused,7,Unknown,8,65+,6,1,8.0,0.0,0.0,0.0,0.0,0.0,2.0,2.0,0.0,0.0,30,60.0
74,2908,0,Contra Costa,Female,2,White,4,Unknown,8,45-54,4,0,0.0,0.0,2.0,0.0,0.0,0.0,0.1,0.0,0.0,0.1,40,4.0
76,2973,0,San Mateo,Male,1,White,4,100k-200k,6,65+,6,1,8.0,0.0,0.0,0.0,0.0,0.0,2.0,2.0,0.0,0.0,30,60.0
77,3030,0,Solano,Male,1,White,4,25k-35k,3,65+,6,0,0.0,0.0,4.0,0.0,0.0,0.0,0.2,0.0,0.0,0.2,60,12.0
78,3031,0,Marin,Female,2,White,4,More than 200k,7,45-54,4,1,22.0,0.0,0.0,0.0,0.0,0.0,5.5,5.5,0.0,0.0,40,220.0
79,3065,0,Marin,Female,2,Refused,7,Unknown,8,Unknown,7,0,42.0,0.0,0.0,0.0,0.0,0.0,31.5,31.5,0.0,0.0,40,1260.0
81,3131,0,Contra Costa,Male,1,White,4,More than 200k,7,55-64,5,1,14.0,0.0,0.0,0.0,0.0,0.0,3.5,3.5,0.0,0.0,40,140.0
82,1633,0,Santa Clara,Male,1,Hispanic/Latino,3,Less than 15k,1,35-44,3,0,0.0,0.0,8.0,0.0,0.0,0.0,0.4,0.0,0.0,0.4,50,20.0
86,3366,0,Sonoma,Female,2,White,4,75k-100k,5,45-54,4,1,10.0,0.0,0.0,0.0,0.0,0.0,2.5,2.5,0.0,0.0,80,200.0
87,3372,0,San Mateo,Male,1,Asian,1,100k-200k,6,35-44,3,1,2.0,0.0,40.0,0.0,0.0,0.0,2.5,0.5,0.0,2.0,30,75.0
88,3383,0,Marin,Male,1,Hispanic/Latino,3,35k-75k,4,35-44,3,1,18.0,0.0,0.0,0.0,0.0,0.0,4.5,4.5,0.0,0.0,40,180.0
89,3466,0,Alameda,Male,1,African American,2,75k-100k,5,35-44,3,0,10.0,0.0,0.0,0.0,0.0,0.0,7.5,7.5,0.0,0.0,55,412.5
91,3519,0,San Mateo,Female,2,Asian,1,Unknown,8,Unknown,7,1,10.0,0.0,0.0,0.0,0.0,0.0,2.5,2.5,0.0,0.0,30,75.0
92,3580,0,Contra Costa,Male,1,Refused,7,Unknown,8,Unknown,7,0,8.0,0.0,20.0,0.0,0.0,0.0,7.0,6.0,0.0,1.0,40,280.0
94,3468,0,San Mateo,Female,2,Refused,7,Unknown,8,Unknown,7,0,2.0,0.0,0.0,0.0,0.0,0.0,1.5,1.5,0.0,0.0,30,45.0
96,3626,0,Contra Costa,Male,1,White,4,More than 200k,7,55-64,5,0,4.0,0.0,2.0,0.0,0.0,0.0,3.1,3.0,0.0,0.1,40,124.0
97,3643,0,San Mateo,Female,2,Hispanic/Latino,3,75k-100k,5,35-44,3,0,10.0,0.0,2.0,0.0,0.0,0.0,7.6,7.5,0.0,0.1,30,228.0
98,3719,0,San Mateo,Male,1,Asian,1,100k-200k,6,35-44,3,0,8.0,0.0,0.0,0.0,0.0,0.0,6.0,6.0,0.0,0.0,30,180.0
99,3736,0,Marin,Male,1,White,4,100k-200k,6,35-44,3,1,34.0,0.0,0.0,0.0,0.0,0.0,8.5,8.5,0.0,0.0,40,340.0
100,3925,0,San Mateo,Non-Binary,3,White,4,75k-100k,5,25-34,2,0,6.0,0.0,0.0,0.0,0.0,0.0,4.5,4.5,0.0,0.0,30,135.0
101,3931,0,Alameda,Female,2,Asian,1,Unknown,8,45-54,4,0,0.0,0.0,4.0,0.0,0.0,0.0,0.2,0.0,0.0,0.2,55,11.0
103,3991,0,Solano,Female,2,Asian,1,35k-75k,4,25-34,2,1,8.0,0.0,0.0,0.0,0.0,0.0,2.0,2.0,0.0,0.0,60,120.0
104,4130,0,Alameda,Male,1,African American,2,Less than 15k,1,35-44,3,1,2.0,0.0,0.0,0.0,0.0,0.0,0.5,0.5,0.0,0.0,55,27.5
107,4210,0,Sonoma,Male,1,White,4,25k-35k,3,65+,6,1,2.0,0.0,0.0,0.0,0.0,0.0,0.5,0.5,0.0,0.0,80,40.0
108,4244,0,Santa Clara,Male,1,Asian,1,100k-200k,6,35-44,3,1,2.0,0.0,0.0,0.0,0.0,0.0,0.5,0.5,0.0,0.0,50,25.0
112,4469,0,Alameda,Female,2,White,4,35k-75k,4,35-44,3,0,0.0,0.0,20.0,0.0,0.0,0.0,1.0,0.0,0.0,1.0,55,55.0
115,4513,0,Contra Costa,Female,2,White,4,75k-100k,5,65+,6,0,2.0,0.0,0.0,0.0,0.0,0.0,1.5,1.5,0.0,0.0,40,60.0
116,4539,0,San Mateo,Male,1,Hispanic/Latino,3,Less than 15k,1,45-54,4,1,0.0,10.0,6.0,0.0,0.0,0.0,5.3,0.0,5.0,0.30000000000000004,30,159.0
117,4554,0,Alameda,Male,1,White,4,Unknown,8,35-44,3,0,0.0,0.0,4.0,0.0,0.0,0.0,0.2,0.0,0.0,0.2,55,11.0
118,3154,0,Sonoma,Female,2,White,4,35k-75k,4,55-64,5,1,6.0,0.0,0.0,0.0,0.0,0.0,1.5,1.5,0.0,0.0,80,120.0
121,4611,0,Alameda,Female,2,White,4,100k-200k,6,35-44,3,1,0.0,0.0,10.0,0.0,0.0,0.0,0.5,0.0,0.0,0.5,55,27.5
122,4644,0,Contra Costa,Male,1,African American,2,35k-75k,4,45-54,4,0,10.0,0.0,0.0,0.0,0.0,0.0,7.5,7.5,0.0,0.0,40,300.0
124,4707,0,Contra Costa,Female,2,Refused,7,Unknown,8,65+,6,1,2.0,0.0,0.0,0.0,0.0,0.0,0.5,0.5,0.0,0.0,40,20.0
128,4881,0,Santa Clara,Female,2,Hispanic/Latino,3,Unknown,8,18-24,1,1,2.0,0.0,0.0,0.0,0.0,0.0,0.5,0.5,0.0,0.0,50,25.0
129,4892,0,Alameda,Female,2,White,4,35k-75k,4,45-54,4,0,0.0,0.0,2.0,0.0,0.0,0.0,0.1,0.0,0.0,0.1,55,5.5
130,4930,0,Marin,Male,1,Refused,7,Unknown,8,Unknown,7,1,10.0,0.0,0.0,0.0,0.0,0.0,2.5,2.5,0.0,0.0,40,100.0
131,4986,0,Contra Costa,Male,1,African American,2,25k-35k,3,65+,6,0,0.0,0.0,4.0,0.0,0.0,0.0,0.2,0.0,0.0,0.2,40,8.0
132,5147,0,Alameda,Male,1,African American,2,100k-200k,6,18-24,1,1,6.0,0.0,0.0,0.0,0.0,0.0,1.5,1.5,0.0,0.0,55,82.5
133,30,0,Santa Clara,Female,2,Asian,1,Unknown,8,45-54,4,0,2.0,0.0,0.0,0.0,0.0,0.0,1.5,1.5,0.0,0.0,50,75.0
134,231,0,Napa,Female,2,White,4,100k-200k,6,25-34,2,0,2.0,0.0,0.0,0.0,0.0,0.0,1.5,1.5,0.0,0.0,65,97.5
135,242,0,Alameda,Male,1,White,4,More than 200k,7,45-54,4,1,2.0,0.0,0.0,0.0,0.0,0.0,0.5,0.5,0.0,0.0,55,27.5
137,539,0,Santa Clara,Male,1,White,4,100k-200k,6,35-44,3,1,4.0,0.0,0.0,0.0,0.0,0.0,1.0,1.0,0.0,0.0,50,50.0
139,5024,0,Napa,Female,2,White,4,100k-200k,6,55-64,5,1,2.0,0.0,0.0,0.0,0.0,0.0,0.5,0.5,0.0,0.0,65,32.5
140,5050,0,San Mateo,Female,2,Asian,1,100k-200k,6,45-54,4,1,6.0,0.0,0.0,0.0,0.0,0.0,1.5,1.5,0.0,0.0,30,45.0
141,5191,0,Contra Costa,Male,1,White,4,More than 200k,7,18-24,1,1,20.0,0.0,0.0,0.0,0.0,0.0,5.0,5.0,0.0,0.0,40,200.0
143,5231,0,Contra Costa,Male,1,White,4,75k-100k,5,55-64,5,1,4.0,0.0,0.0,0.0,0.0,0.0,1.0,1.0,0.0,0.0,40,40.0
144,5323,0,San Mateo,Female,2,White,4,Unknown,8,45-54,4,1,2.0,0.0,0.0,0.0,0.0,0.0,0.5,0.5,0.0,0.0,30,15.0
145,5450,0,Marin,Female,2,White,4,75k-100k,5,18-24,1,0,8.0,0.0,0.0,0.0,0.0,0.0,6.0,6.0,0.0,0.0,40,240.0
147,5629,0,San Mateo,Female,2,White,4,More than 200k,7,45-54,4,1,4.0,0.0,0.0,0.0,0.0,0.0,1.0,1.0,0.0,0.0,30,30.0
148,5694,0,Contra Costa,Male,1,White,4,100k-200k,6,35-44,3,0,0.0,0.0,20.0,0.0,0.0,0.0,1.0,0.0,0.0,1.0,40,40.0
149,5735,0,Alameda,Male,1,White,4,100k-200k,6,25-34,2,0,0.0,0.0,20.0,0.0,0.0,0.0,1.0,0.0,0.0,1.0,55,55.0
152,5851,0,San Mateo,Male,1,White,4,100k-200k,6,55-64,5,0,6.0,0.0,0.0,0.0,0.0,0.0,4.5,4.5,0.0,0.0,30,135.0
157,5472,0,Marin,Male,1,White,4,100k-200k,6,65+,6,0,14.0,0.0,0.0,0.0,0.0,0.0,10.5,10.5,0.0,0.0,40,420.0
159,5876,0,Alameda,Male,1,Hispanic/Latino,3,35k-75k,4,45-54,4,1,4.0,0.0,6.0,0.0,0.0,0.0,1.3,1.0,0.0,0.30000000000000004,55,71.5
161,5911,0,Contra Costa,Male,1,White,4,More than 200k,7,35-44,3,0,0.0,0.0,8.0,0.0,0.0,0.0,0.4,0.0,0.0,0.4,40,16.0
162,5921,0,San Mateo,Male,1,Hispanic/Latino,3,35k-75k,4,25-34,2,1,6.0,0.0,0.0,0.0,0.0,0.0,1.5,1.5,0.0,0.0,30,45.0
163,5965,0,Contra Costa,Male,1,White,4,35k-75k,4,55-64,5,1,20.0,0.0,0.0,0.0,0.0,0.0,5.0,5.0,0.0,0.0,40,200.0
165,6112,0,Alameda,Female,2,Asian,1,35k-75k,4,25-34,2,1,8.0,0.0,0.0,0.0,0.0,0.0,2.0,2.0,0.0,0.0,55,110.0
167,6218,0,Marin,Female,2,White,4,More than 200k,7,35-44,3,0,20.0,0.0,30.0,0.0,0.0,0.0,16.5,15.0,0.0,1.5,40,660.0
169,6351,0,Contra Costa,Female,2,White,4,35k-75k,4,65+,6,0,0.0,0.0,4.0,0.0,0.0,0.0,0.2,0.0,0.0,0.2,40,8.0
170,6469,0,Contra Costa,Male,1,White,4,More than 200k,7,55-64,5,0,0.0,0.0,2.0,0.0,0.0,0.0,0.1,0.0,0.0,0.1,40,4.0
171,6474,0,Contra Costa,Male,1,African American,2,75k-100k,5,18-24,1,1,2.0,0.0,2.0,0.0,0.0,0.0,0.6,0.5,0.0,0.1,40,24.0
173,6487,0,San Mateo,Female,2,Asian,1,35k-75k,4,65+,6,0,0.0,0.0,24.0,0.0,0.0,0.0,1.2000000000000002,0.0,0.0,1.2000000000000002,30,36.00000000000001
174,6534,0,San Mateo,Female,2,White,4,Unknown,8,55-64,5,0,4.0,0.0,0.0,0.0,0.0,0.0,3.0,3.0,0.0,0.0,30,90.0
175,6565,0,Contra Costa,Male,1,White,4,100k-200k,6,65+,6,0,0.0,0.0,4.0,0.0,0.0,0.0,0.2,0.0,0.0,0.2,40,8.0
176,6584,0,San Mateo,Male,1,Hispanic/Latino,3,35k-75k,4,25-34,2,1,4.0,0.0,0.0,0.0,0.0,0.0,1.0,1.0,0.0,0.0,30,30.0
177,6728,0,Contra Costa,Female,2,Hispanic/Latino,3,75k-100k,5,25-34,2,1,0.0,0.0,2.0,0.0,0.0,0.0,0.1,0.0,0.0,0.1,40,4.0
178,6790,0,Marin,Male,1,White,4,25k-35k,3,18-24,1,1,4.0,0.0,0.0,0.0,0.0,0.0,1.0,1.0,0.0,0.0,40,40.0
180,6927,0,San Mateo,Male,1,White,4,100k-200k,6,65+,6,1,2.0,0.0,0.0,0.0,0.0,0.0,0.5,0.5,0.0,0.0,30,15.0
184,7262,0,San Mateo,Male,1,White,4,75k-100k,5,45-54,4,1,0.0,0.0,2.0,0.0,0.0,0.0,0.1,0.0,0.0,0.1,30,3.0
186,7344,0,San Mateo,Male,1,White,4,Unknown,8,65+,6,0,10.0,0.0,0.0,0.0,0.0,0.0,7.5,7.5,0.0,0.0,30,225.0
188,7420,0,San Mateo,Male,1,Asian,1,More than 200k,7,35-44,3,1,22.0,0.0,0.0,0.0,0.0,0.0,5.5,5.5,0.0,0.0,30,165.0
189,7505,0,San Mateo,Male,1,Refused,7,Unknown,8,Unknown,7,1,12.0,0.0,0.0,0.0,0.0,0.0,3.0,3.0,0.0,0.0,30,90.0
190,7712,0,Solano,Male,1,Refused,7,100k-200k,6,Unknown,7,1,4.0,0.0,0.0,0.0,0.0,0.0,1.0,1.0,0.0,0.0,60,60.0
191,7775,0,San Mateo,Female,2,Asian,1,100k-200k,6,35-44,3,1,10.0,0.0,0.0,0.0,0.0,0.0,2.5,2.5,0.0,0.0,30,75.0
192,7797,0,Contra Costa,Male,1,Hispanic/Latino,3,75k-100k,5,55-64,5,1,4.0,0.0,2.0,0.0,0.0,0.0,1.1,1.0,0.0,0.1,40,44.0
193,7813,0,Alameda,Male,1,White,4,100k-200k,6,55-64,5,0,4.0,0.0,0.0,0.0,0.0,0.0,3.0,3.0,0.0,0.0,55,165.0
194,7862,0,Alameda,Female,2,White,4,100k-200k,6,35-44,3,1,16.0,0.0,24.0,0.0,0.0,0.0,5.2,4.0,0.0,1.2000000000000002,55,286.0
195,7872,0,Alameda,Male,1,Asian,1,25k-35k,3,25-34,2,1,2.0,0.0,0.0,0.0,0.0,0.0,0.5,0.5,0.0,0.0,55,27.5
196,7924,0,San Mateo,Male,1,White,4,100k-200k,6,55-64,5,0,2.0,0.0,0.0,0.0,0.0,0.0,1.5,1.5,0.0,0.0,30,45.0
197,7926,0,San Mateo,Male,1,Asian,1,100k-200k,6,55-64,5,1,16.0,0.0,0.0,0.0,0.0,0.0,4.0,4.0,0.0,0.0,30,120.0
198,7936,0,Alameda,Female,2,White,4,More than 200k,7,55-64,5,0,0.0,0.0,40.0,0.0,0.0,0.0,2.0,0.0,0.0,2.0,55,110.0
200,7946,0,Contra Costa,Female,2,White,4,75k-100k,5,45-54,4,1,0.0,0.0,2.0,0.0,0.0,0.0,0.1,0.0,0.0,0.1,40,4.0
206,8219,0,Alameda,Male,1,Asian,1,More than 200k,7,25-34,2,0,0.0,0.0,40.0,0.0,0.0,0.0,2.0,0.0,0.0,2.0,55,110.0
209,5454,0,Alameda,Female,2,White,4,75k-100k,5,25-34,2,1,2.0,0.0,0.0,0.0,0.0,0.0,0.5,0.5,0.0,0.0,55,27.5
213,8521,0,San Mateo,Male,1,Asian,1,15k-25k,2,18-24,1,1,2.0,0.0,0.0,0.0,0.0,0.0,0.5,0.5,0.0,0.0,30,15.0
217,8769,0,Solano,Male,1,White,4,35k-75k,4,55-64,5,0,36.0,0.0,0.0,0.0,0.0,0.0,27.0,27.0,0.0,0.0,60,1620.0
218,8801,0,Alameda,Female,2,White,4,35k-75k,4,35-44,3,0,2.0,0.0,0.0,0.0,0.0,0.0,1.5,1.5,0.0,0.0,55,82.5
220,8966,0,Contra Costa,Male,1,Hispanic/Latino,3,100k-200k,6,55-64,5,1,6.0,0.0,0.0,0.0,0.0,0.0,1.5,1.5,0.0,0.0,40,60.0
221,8998,0,Contra Costa,Female,2,Refused,7,Unknown,8,25-34,2,0,2.0,0.0,2.0,0.0,0.0,0.0,1.6,1.5,0.0,0.1,40,64.0
222,9031,0,Marin,Male,1,Refused,7,More than 200k,7,25-34,2,0,40.0,0.0,0.0,0.0,0.0,0.0,30.0,30.0,0.0,0.0,40,1200.0
225,9134,0,Alameda,Female,2,Asian,1,100k-200k,6,45-54,4,1,2.0,0.0,2.0,0.0,0.0,0.0,0.6,0.5,0.0,0.1,55,33.0
226,9141,0,Contra Costa,Male,1,Hispanic/Latino,3,100k-200k,6,55-64,5,1,6.0,0.0,0.0,0.0,0.0,0.0,1.5,1.5,0.0,0.0,40,60.0
227,9168,0,Contra Costa,Female,2,White,4,35k-75k,4,25-34,2,0,12.0,0.0,0.0,0.0,0.0,0.0,9.0,9.0,0.0,0.0,40,360.0
228,9171,0,Santa Clara,Male,1,Asian,1,Unknown,8,25-34,2,0,0.0,0.0,2.0,0.0,0.0,0.0,0.1,0.0,0.0,0.1,50,5.0
229,9194,0,Contra Costa,Female,2,White,4,Unknown,8,45-54,4,1,0.0,0.0,10.0,0.0,0.0,0.0,0.5,0.0,0.0,0.5,40,20.0
231,9332,0,San Mateo,Female,2,Asian,1,35k-75k,4,55-64,5,0,4.0,0.0,40.0,0.0,0.0,0.0,5.0,3.0,0.0,2.0,30,150.0
232,27,0,Contra Costa,Female,2,White,4,100k-200k,6,65+,6,1,2.0,0.0,0.0,0.0,0.0,0.0,0.5,0.5,0.0,0.0,40,20.0
233,568,0,Santa Clara,Male,1,White,4,Unknown,8,35-44,3,1,2.0,0.0,0.0,0.0,0.0,0.0,0.5,0.5,0.0,0.0,50,25.0
234,646,0,San Mateo,Male,1,White,4,100k-200k,6,65+,6,1,2.0,0.0,16.0,0.0,0.0,0.0,1.3,0.5,0.0,0.8,30,39.0
235,698,0,Alameda,Male,1,White,4,More than 200k,7,18-24,1,0,0.0,0.0,2.0,0.0,0.0,0.0,0.1,0.0,0.0,0.1,55,5.5
236,711,0,Sonoma,Female,2,White,4,Unknown,8,45-54,4,1,2.0,0.0,0.0,0.0,0.0,0.0,0.5,0.5,0.0,0.0,80,40.0
237,713,0,Contra Costa,Female,2,Asian,1,Unknown,8,25-34,2,1,2.0,0.0,0.0,0.0,0.0,0.0,0.5,0.5,0.0,0.0,40,20.0
238,714,0,San Mateo,Female,2,Asian,1,Unknown,8,25-34,2,1,6.0,0.0,2.0,0.0,0.0,0.0,1.6,1.5,0.0,0.1,30,48.0
240,5642,0,Contra Costa,Male,1,African American,2,100k-200k,6,55-64,5,0,0.0,0.0,40.0,0.0,0.0,0.0,2.0,0.0,0.0,2.0,40,80.0
241,5672,0,San Mateo,Female,2,White,4,Unknown,8,25-34,2,0,0.0,0.0,4.0,0.0,0.0,0.0,0.2,0.0,0.0,0.2,30,6.0
242,5675,0,Alameda,Male,1,Refused,7,Unknown,8,Unknown,7,1,6.0,0.0,34.0,0.0,0.0,0.0,3.2,1.5,0.0,1.7000000000000002,55,176.0
243,5768,0,San Mateo,Male,1,White,4,Less than 15k,1,55-64,5,0,4.0,0.0,0.0,0.0,0.0,0.0,3.0,3.0,0.0,0.0,30,90.0
244,9366,0,Marin,Female,2,White,4,Unknown,8,65+,6,1,2.0,0.0,2.0,0.0,0.0,0.0,0.6,0.5,0.0,0.1,40,24.0
248,9529,0,Napa,Female,2,White,4,More than 200k,7,65+,6,0,2.0,0.0,0.0,0.0,0.0,0.0,1.5,1.5,0.0,0.0,65,97.5
249,9581,0,Alameda,Female,2,African American,2,35k-75k,4,35-44,3,1,2.0,0.0,2.0,0.0,0.0,0.0,0.6,0.5,0.0,0.1,55,33.0
250,9586,0,Alameda,Male,1,White,4,More than 200k,7,55-64,5,1,2.0,0.0,2.0,0.0,0.0,0.0,0.6,0.5,0.0,0.1,55,33.0
252,9654,0,San Mateo,Male,1,White,4,More than 200k,7,45-54,4,1,4.0,0.0,0.0,0.0,0.0,0.0,1.0,1.0,0.0,0.0,30,30.0
253,9669,0,San Mateo,Female,2,White,4,75k-100k,5,35-44,3,0,2.0,0.0,0.0,0.0,0.0,0.0,1.5,1.5,0.0,0.0,30,45.0
254,9681,0,Sonoma,Male,1,Asian,1,35k-75k,4,18-24,1,0,0.0,0.0,2.0,0.0,0.0,0.0,0.1,0.0,0.0,0.1,80,8.0
255,9713,0,Santa Clara,Female,2,Asian,1,25k-35k,3,25-34,2,1,4.0,0.0,0.0,0.0,0.0,0.0,1.0,1.0,0.0,0.0,50,50.0
258,9777,0,San Mateo,Female,2,White,4,Unknown,8,45-54,4,0,2.0,0.0,0.0,0.0,0.0,0.0,1.5,1.5,0.0,0.0,30,45.0
260,9824,0,Contra Costa,Female,2,White,4,35k-75k,4,55-64,5,0,0.0,0.0,50.0,0.0,0.0,0.0,2.5,0.0,0.0,2.5,40,100.0
262,10089,0,Alameda,Male,1,Other,6,35k-75k,4,45-54,4,0,0.0,0.0,2.0,0.0,0.0,6.0,0.1,0.0,0.0,0.1,55,5.5
263,858,0,San Mateo,Male,1,Hispanic/Latino,3,35k-75k,4,45-54,4,1,16.0,0.0,0.0,0.0,0.0,0.0,4.0,4.0,0.0,0.0,30,120.0
265,6262,0,San Mateo,Female,2,Asian,1,Unknown,8,35-44,3,0,0.0,2.0,0.0,0.0,0.0,0.0,1.0,0.0,1.0,0.0,30,30.0
266,6361,0,Alameda,Male,1,White,4,35k-75k,4,35-44,3,1,4.0,0.0,0.0,0.0,0.0,0.0,1.0,1.0,0.0,0.0,55,55.0
269,6477,0,Solano,Male,1,Refused,7,75k-100k,5,55-64,5,0,2.0,0.0,0.0,0.0,0.0,0.0,1.5,1.5,0.0,0.0,60,90.0
270,7059,0,Solano,Female,2,White,4,35k-75k,4,55-64,5,0,0.0,0.0,2.0,0.0,0.0,0.0,0.1,0.0,0.0,0.1,60,6.0
272,9584,0,Alameda,Male,1,White,4,100k-200k,6,35-44,3,0,20.0,0.0,30.0,0.0,0.0,0.0,16.5,15.0,0.0,1.5,55,907.5
273,9600,0,San Mateo,Male,1,Hispanic/Latino,3,100k-200k,6,45-54,4,1,40.0,0.0,4.0,0.0,0.0,0.0,10.2,10.0,0.0,0.2,30,306.0
274,9666,0,Contra Costa,Male,1,Hispanic/Latino,3,100k-200k,6,25-34,2,0,0.0,0.0,30.0,0.0,0.0,0.0,1.5,0.0,0.0,1.5,40,60.0
276,9960,0,Napa,Female,2,White,4,100k-200k,6,65+,6,1,2.0,0.0,0.0,0.0,0.0,0.0,0.5,0.5,0.0,0.0,65,32.5
277,10083,0,Marin,Female,2,White,4,Unknown,8,65+,6,0,4.0,0.0,2.0,0.0,0.0,0.0,3.1,3.0,0.0,0.1,40,124.0
278,10119,0,Contra Costa,Male,1,White,4,More than 200k,7,45-54,4,0,2.0,0.0,0.0,0.0,0.0,0.0,1.5,1.5,0.0,0.0,40,60.0
281,10280,0,Contra Costa,Male,1,Refused,7,100k-200k,6,45-54,4,1,16.0,0.0,6.0,0.0,0.0,0.0,4.3,4.0,0.0,0.30000000000000004,40,172.0
283,10334,0,San Mateo,Male,1,White,4,35k-75k,4,65+,6,1,2.0,0.0,0.0,0.0,0.0,0.0,0.5,0.5,0.0,0.0,30,15.0
285,10536,0,Alameda,Male,1,African American,2,100k-200k,6,25-34,2,1,6.0,0.0,60.0,0.0,0.0,0.0,4.5,1.5,0.0,3.0,55,247.5
286,10570,0,Marin,Female,2,White,4,35k-75k,4,65+,6,1,2.0,0.0,0.0,0.0,0.0,0.0,0.5,0.5,0.0,0.0,40,20.0
287,10588,0,Santa Clara,Male,1,Asian,1,75k-100k,5,18-24,1,1,4.0,0.0,0.0,0.0,0.0,0.0,1.0,1.0,0.0,0.0,50,50.0
288,10703,0,Alameda,Male,1,White,4,Less than 15k,1,35-44,3,0,0.0,0.0,2.0,0.0,0.0,0.0,0.1,0.0,0.0,0.1,55,5.5
290,10791,0,Santa Clara,Female,2,Asian,1,25k-35k,3,35-44,3,0,4.0,0.0,0.0,0.0,0.0,0.0,3.0,3.0,0.0,0.0,50,150.0
291,10883,0,Santa Clara,Male,1,White,4,35k-75k,4,55-64,5,0,2.0,0.0,0.0,0.0,0.0,0.0,1.5,1.5,0.0,0.0,50,75.0
293,11055,0,Alameda,Female,2,Asian,1,100k-200k,6,45-54,4,1,10.0,0.0,6.0,0.0,0.0,0.0,2.8,2.5,0.0,0.30000000000000004,55,154.0
295,11141,0,Santa Clara,Female,2,Asian,1,75k-100k,5,25-34,2,0,2.0,0.0,0.0,0.0,0.0,0.0,1.5,1.5,0.0,0.0,50,75.0
296,11166,0,San Mateo,Female,2,White,4,Unknown,8,35-44,3,1,16.0,0.0,0.0,0.0,0.0,0.0,4.0,4.0,0.0,0.0,30,120.0
297,11312,0,Alameda,Male,1,African American,2,More than 200k,7,55-64,5,0,0.0,2.0,0.0,0.0,0.0,0.0,1.0,0.0,1.0,0.0,55,55.0
298,1279,0,Sonoma,Male,1,White,4,100k-200k,6,25-34,2,0,30.0,0.0,0.0,0.0,0.0,0.0,22.5,22.5,0.0,0.0,80,1800.0
299,1329,0,Santa Clara,Male,1,Asian,1,More than 200k,7,25-34,2,1,4.0,0.0,0.0,0.0,0.0,0.0,1.0,1.0,0.0,0.0,50,50.0
300,1346,0,Alameda,Female,2,Native American,5,35k-75k,4,35-44,3,1,2.0,0.0,0.0,0.0,0.0,0.0,0.5,0.5,0.0,0.0,55,27.5
303,1548,0,Santa Clara,Female,2,Asian,1,75k-100k,5,55-64,5,1,6.0,0.0,6.0,0.0,0.0,0.0,1.8,1.5,0.0,0.30000000000000004,50,90.0
305,1580,0,Santa Clara,Female,2,Asian,1,Unknown,8,35-44,3,1,6.0,0.0,0.0,0.0,0.0,0.0,1.5,1.5,0.0,0.0,50,75.0
306,1624,0,San Mateo,Male,1,Hispanic/Latino,3,75k-100k,5,45-54,4,1,10.0,0.0,0.0,10.0,0.0,0.0,2.5,2.5,0.0,0.0,30,75.0
307,1627,0,Alameda,Male,1,African American,2,100k-200k,6,45-54,4,0,0.0,0.0,60.0,0.0,0.0,0.0,3.0,0.0,0.0,3.0,55,165.0
312,7351,0,Contra Costa,Male,1,White,4,75k-100k,5,25-34,2,1,10.0,0.0,0.0,0.0,0.0,0.0,2.5,2.5,0.0,0.0,40,100.0
317,9573,0,Alameda,Male,1,Asian,1,35k-75k,4,25-34,2,1,2.0,0.0,2.0,0.0,0.0,0.0,0.6,0.5,0.0,0.1,55,33.0
319,10499,0,San Mateo,Female,2,White,4,More than 200k,7,55-64,5,1,2.0,2.0,0.0,0.0,0.0,0.0,1.5,0.5,1.0,0.0,30,45.0
325,11462,0,Alameda,Male,1,White,4,35k-75k,4,25-34,2,1,10.0,0.0,0.0,0.0,0.0,0.0,2.5,2.5,0.0,0.0,55,137.5
327,11610,0,Santa Clara,Male,1,Asian,1,More than 200k,7,45-54,4,1,6.0,0.0,0.0,0.0,0.0,0.0,1.5,1.5,0.0,0.0,50,75.0
328,11625,0,Marin,Male,1,White,4,More than 200k,7,25-34,2,0,8.0,0.0,0.0,0.0,0.0,0.0,6.0,6.0,0.0,0.0,40,240.0
330,11718,0,Alameda,Male,1,White,4,100k-200k,6,25-34,2,0,0.0,0.0,40.0,0.0,0.0,0.0,2.0,0.0,0.0,2.0,55,110.0
331,11852,0,San Mateo,Female,2,White,4,100k-200k,6,25-34,2,1,6.0,0.0,0.0,0.0,0.0,0.0,1.5,1.5,0.0,0.0,30,45.0
332,11934,0,Solano,Female,2,White,4,100k-200k,6,45-54,4,0,2.0,0.0,2.0,0.0,0.0,0.0,1.6,1.5,0.0,0.1,60,96.0
334,12027,0,Alameda,Male,1,White,4,100k-200k,6,35-44,3,1,2.0,0.0,0.0,0.0,0.0,0.0,0.5,0.5,0.0,0.0,55,27.5
335,12036,0,Marin,Male,1,White,4,100k-200k,6,45-54,4,0,0.0,0.0,40.0,0.0,0.0,0.0,2.0,0.0,0.0,2.0,40,80.0
336,1823,0,Sonoma,Female,2,White,4,35k-75k,4,45-54,4,0,4.0,0.0,0.0,0.0,0.0,0.0,3.0,3.0,0.0,0.0,80,240.0
340,6780,0,Marin,Male,1,Asian,1,More than 200k,7,35-44,3,1,4.0,0.0,0.0,0.0,0.0,0.0,1.0,1.0,0.0,0.0,40,40.0
341,8040,0,Marin,Female,2,White,4,35k-75k,4,55-64,5,1,6.0,0.0,0.0,0.0,0.0,2.0,1.5,1.5,0.0,0.0,40,60.0
344,11373,0,Contra Costa,Male,1,Hispanic/Latino,3,Less than 15k,1,35-44,3,0,0.0,0.0,120.0,0.0,0.0,0.0,6.0,0.0,0.0,6.0,40,240.0
345,11964,0,Alameda,Male,1,Asian,1,75k-100k,5,65+,6,0,0.0,0.0,2.0,0.0,0.0,0.0,0.1,0.0,0.0,0.1,55,5.5
346,12053,0,San Mateo,Female,2,White,4,More than 200k,7,45-54,4,1,2.0,0.0,2.0,0.0,0.0,0.0,0.6,0.5,0.0,0.1,30,18.0
347,12056,0,San Mateo,Male,1,Asian,1,More than 200k,7,45-54,4,1,44.0,0.0,0.0,0.0,0.0,0.0,11.0,11.0,0.0,0.0,30,330.0
349,12132,0,Santa Clara,Female,2,White,4,35k-75k,4,65+,6,1,4.0,0.0,0.0,0.0,0.0,0.0,1.0,1.0,0.0,0.0,50,50.0
351,12295,0,Sonoma,Male,1,White,4,100k-200k,6,55-64,5,0,40.0,0.0,0.0,0.0,0.0,0.0,30.0,30.0,0.0,0.0,80,2400.0
353,12446,0,San Mateo,Male,1,White,4,100k-200k,6,55-64,5,0,0.0,0.0,40.0,0.0,0.0,0.0,2.0,0.0,0.0,2.0,30,60.0
355,12485,0,San Mateo,Female,2,White,4,Unknown,8,65+,6,1,52.0,0.0,0.0,0.0,0.0,0.0,13.0,13.0,0.0,0.0,30,390.0
356,12500,0,Santa Clara,Male,1,White,4,Unknown,8,35-44,3,1,2.0,0.0,0.0,0.0,0.0,0.0,0.5,0.5,0.0,0.0,50,25.0
357,1348,0,Santa Clara,Male,1,Hispanic/Latino,3,More than 200k,7,35-44,3,1,4.0,0.0,0.0,0.0,0.0,0.0,1.0,1.0,0.0,0.0,50,50.0
361,12294,0,Contra Costa,Male,1,White,4,100k-200k,6,18-24,1,0,0.0,0.0,14.0,0.0,0.0,0.0,0.7000000000000001,0.0,0.0,0.7000000000000001,40,28.000000000000004
362,12314,0,Alameda,Male,1,White,4,More than 200k,7,55-64,5,0,0.0,0.0,2.0,0.0,0.0,0.0,0.1,0.0,0.0,0.1,55,5.5
364,12404,0,San Mateo,Female,2,White,4,More than 200k,7,25-34,2,0,0.0,0.0,2.0,0.0,0.0,0.0,0.1,0.0,0.0,0.1,30,3.0
365,12522,0,San Mateo,Female,2,African American,2,100k-200k,6,35-44,3,0,14.0,0.0,0.0,0.0,0.0,0.0,10.5,10.5,0.0,0.0,30,315.0
366,12524,0,San Mateo,Male,1,White,4,35k-75k,4,35-44,3,1,10.0,0.0,30.0,0.0,0.0,0.0,4.0,2.5,0.0,1.5,30,120.0
367,12538,0,Contra Costa,Male,1,Asian,1,Less than 15k,1,25-34,2,0,0.0,0.0,24.0,0.0,0.0,0.0,1.2000000000000002,0.0,0.0,1.2000000000000002,40,48.00000000000001
370,12863,0,San Mateo,Female,2,Asian,1,25k-35k,3,18-24,1,0,0.0,0.0,2.0,0.0,0.0,0.0,0.1,0.0,0.0,0.1,30,3.0
372,12977,0,Contra Costa,Male,1,Refused,7,Unknown,8,Unknown,7,0,2.0,0.0,0.0,0.0,0.0,0.0,1.5,1.5,0.0,0.0,40,60.0
373,12997,0,Santa Clara,Male,1,Asian,1,More than 200k,7,35-44,3,1,2.0,0.0,0.0,0.0,0.0,0.0,0.5,0.5,0.0,0.0,50,25.0
375,13043,0,Alameda,Male,1,Refused,7,Unknown,8,25-34,2,0,0.0,0.0,8.0,0.0,0.0,0.0,0.4,0.0,0.0,0.4,55,22.0
376,13160,0,Alameda,Female,2,White,4,75k-100k,5,45-54,4,1,10.0,0.0,0.0,0.0,0.0,0.0,2.5,2.5,0.0,0.0,55,137.5
377,13219,0,Santa Clara,Male,1,White,4,100k-200k,6,45-54,4,0,0.0,2.0,2.0,0.0,0.0,0.0,1.1,0.0,1.0,0.1,50,55.00000000000001
378,13233,0,Marin,Male,1,White,4,35k-75k,4,25-34,2,1,40.0,0.0,0.0,0.0,0.0,0.0,10.0,10.0,0.0,0.0,40,400.0
379,13408,0,Solano,Male,1,Refused,7,Unknown,8,55-64,5,1,2.0,0.0,0.0,0.0,0.0,0.0,0.5,0.5,0.0,0.0,60,30.0
380,13410,0,Contra Costa,Non-Binary,3,White,4,15k-25k,2,65+,6,0,0.0,0.0,2.0,0.0,0.0,0.0,0.1,0.0,0.0,0.1,40,4.0
381,13447,0,Contra Costa,Male,1,White,4,15k-25k,2,18-24,1,0,4.0,0.0,0.0,0.0,0.0,0.0,3.0,3.0,0.0,0.0,40,120.0
382,13479,0,San Mateo,Female,2,Asian,1,75k-100k,5,65+,6,1,6.0,0.0,0.0,0.0,0.0,0.0,1.5,1.5,0.0,0.0,30,45.0
383,13611,0,Contra Costa,Female,2,Asian,1,75k-100k,5,25-34,2,1,4.0,0.0,40.0,0.0,0.0,0.0,3.0,1.0,0.0,2.0,40,120.0
384,13678,0,Solano,Male,1,African American,2,35k-75k,4,25-34,2,0,20.0,0.0,20.0,0.0,0.0,0.0,16.0,15.0,0.0,1.0,60,960.0
385,8871,0,Alameda,Male,1,Hispanic/Latino,3,Unknown,8,18-24,1,1,2.0,0.0,40.0,0.0,0.0,0.0,2.5,0.5,0.0,2.0,55,137.5
388,9088,0,Alameda,Male,1,White,4,More than 200k,7,25-34,2,0,40.0,0.0,0.0,0.0,0.0,0.0,30.0,30.0,0.0,0.0,55,1650.0
389,10401,0,Alameda,Female,2,Refused,7,Unknown,8,55-64,5,0,4.0,0.0,0.0,0.0,0.0,0.0,3.0,3.0,0.0,0.0,55,165.0
392,12745,0,Alameda,Male,1,White,4,100k-200k,6,55-64,5,0,0.0,0.0,6.0,0.0,0.0,0.0,0.30000000000000004,0.0,0.0,0.30000000000000004,55,16.500000000000004
393,13070,0,Alameda,Female,2,White,4,35k-75k,4,35-44,3,0,0.0,0.0,2.0,0.0,0.0,0.0,0.1,0.0,0.0,0.1,55,5.5
394,13280,0,Napa,Male,1,Asian,1,Unknown,8,Unknown,7,0,2.0,0.0,0.0,0.0,0.0,0.0,1.5,1.5,0.0,0.0,65,97.5
395,13301,0,San Mateo,Male,1,White,4,75k-100k,5,25-34,2,1,6.0,0.0,6.0,0.0,0.0,0.0,1.8,1.5,0.0,0.30000000000000004,30,54.0
396,13633,0,Alameda,Male,1,Asian,1,100k-200k,6,18-24,1,0,0.0,0.0,4.0,0.0,0.0,0.0,0.2,0.0,0.0,0.2,55,11.0
398,13804,0,Santa Clara,Female,2,Asian,1,15k-25k,2,45-54,4,0,0.0,0.0,2.0,0.0,0.0,0.0,0.1,0.0,0.0,0.1,50,5.0
399,13824,0,Alameda,Female,2,White,4,100k-200k,6,35-44,3,0,10.0,0.0,50.0,0.0,0.0,0.0,10.0,7.5,0.0,2.5,55,550.0
401,13992,0,Santa Clara,Female,2,Asian,1,35k-75k,4,25-34,2,1,4.0,0.0,0.0,0.0,0.0,0.0,1.0,1.0,0.0,0.0,50,50.0
403,14016,0,Marin,Male,1,White,4,More than 200k,7,55-64,5,1,2.0,0.0,0.0,0.0,0.0,0.0,0.5,0.5,0.0,0.0,40,20.0
404,14143,0,Contra Costa,Male,1,Asian,1,75k-100k,5,55-64,5,0,52.0,0.0,0.0,0.0,0.0,0.0,39.0,39.0,0.0,0.0,40,1560.0
405,14186,0,Santa Clara,Male,1,Asian,1,35k-75k,4,25-34,2,0,2.0,0.0,0.0,0.0,0.0,0.0,1.5,1.5,0.0,0.0,50,75.0
406,14286,0,Marin,Female,2,White,4,35k-75k,4,65+,6,0,2.0,0.0,0.0,0.0,0.0,0.0,1.5,1.5,0.0,0.0,40,60.0
408,14477,0,Contra Costa,Male,1,African American,2,35k-75k,4,25-34,2,0,0.0,0.0,2.0,0.0,0.0,0.0,0.1,0.0,0.0,0.1,40,4.0
413,14718,0,Alameda,Female,2,White,4,100k-200k,6,18-24,1,0,0.0,0.0,2.0,0.0,0.0,0.0,0.1,0.0,0.0,0.1,55,5.5
414,2488,0,Sonoma,Female,2,Refused,7,Unknown,8,Unknown,7,1,6.0,0.0,0.0,0.0,0.0,0.0,1.5,1.5,0.0,0.0,80,120.0
415,2492,0,Contra Costa,Male,1,Hispanic/Latino,3,More than 200k,7,45-54,4,1,40.0,0.0,0.0,0.0,0.0,0.0,10.0,10.0,0.0,0.0,40,400.0
417,2925,0,Solano,Female,2,Asian,1,75k-100k,5,55-64,5,0,8.0,0.0,0.0,0.0,0.0,0.0,6.0,6.0,0.0,0.0,60,360.0
418,3048,0,San Mateo,Female,2,White,4,More than 200k,7,45-54,4,1,10.0,0.0,0.0,0.0,0.0,0.0,2.5,2.5,0.0,0.0,30,75.0
419,3397,0,Santa Clara,Female,2,Asian,1,35k-75k,4,55-64,5,0,2.0,0.0,0.0,0.0,0.0,0.0,1.5,1.5,0.0,0.0,50,75.0
421,6721,0,Santa Clara,Male,1,Asian,1,More than 200k,7,35-44,3,0,0.0,4.0,0.0,0.0,0.0,0.0,2.0,0.0,2.0,0.0,50,100.0
423,7395,0,Santa Clara,Male,1,White,4,75k-100k,5,55-64,5,0,2.0,0.0,2.0,0.0,0.0,0.0,1.6,1.5,0.0,0.1,50,80.0
425,9167,0,Alameda,Female,2,White,4,75k-100k,5,25-34,2,1,40.0,0.0,0.0,0.0,0.0,0.0,10.0,10.0,0.0,0.0,55,550.0
426,9280,0,Santa Clara,Female,2,White,4,35k-75k,4,55-64,5,1,2.0,0.0,0.0,0.0,0.0,0.0,0.5,0.5,0.0,0.0,50,25.0
427,10701,0,Sonoma,Female,2,White,4,35k-75k,4,25-34,2,0,4.0,0.0,0.0,0.0,0.0,0.0,3.0,3.0,0.0,0.0,80,240.0
428,10722,0,Santa Clara,Female,2,Asian,1,75k-100k,5,25-34,2,1,2.0,0.0,0.0,0.0,0.0,0.0,0.5,0.5,0.0,0.0,50,25.0
429,10840,0,Contra Costa,Male,1,Asian,1,Unknown,8,45-54,4,0,0.0,0.0,40.0,0.0,0.0,0.0,2.0,0.0,0.0,2.0,40,80.0
430,10875,0,San Mateo,Male,1,White,4,100k-200k,6,45-54,4,0,2.0,0.0,2.0,0.0,0.0,0.0,1.6,1.5,0.0,0.1,30,48.0
433,13429,0,Santa Clara,Female,2,White,4,100k-200k,6,35-44,3,0,2.0,0.0,0.0,0.0,0.0,0.0,1.5,1.5,0.0,0.0,50,75.0
434,13471,0,Santa Clara,Male,1,White,4,35k-75k,4,45-54,4,1,10.0,0.0,0.0,0.0,0.0,0.0,2.5,2.5,0.0,0.0,50,125.0
435,13577,0,San Mateo,Male,1,Hispanic/Latino,3,75k-100k,5,25-34,2,1,24.0,0.0,2.0,0.0,0.0,0.0,6.1,6.0,0.0,0.1,30,183.0
438,14826,0,San Mateo,Male,1,White,4,35k-75k,4,25-34,2,0,40.0,0.0,0.0,0.0,0.0,0.0,30.0,30.0,0.0,0.0,30,900.0
439,14836,0,Sonoma,Female,2,White,4,75k-100k,5,55-64,5,1,2.0,0.0,0.0,0.0,0.0,0.0,0.5,0.5,0.0,0.0,80,40.0
440,14886,0,Contra Costa,Female,2,Asian,1,Less than 15k,1,25-34,2,0,26.0,0.0,0.0,0.0,0.0,0.0,19.5,19.5,0.0,0.0,40,780.0
442,14976,0,Santa Clara,Male,1,White,4,100k-200k,6,45-54,4,0,4.0,0.0,0.0,0.0,0.0,0.0,3.0,3.0,0.0,0.0,50,150.0
443,15157,0,Alameda,Male,1,White,4,25k-35k,3,18-24,1,1,10.0,0.0,0.0,0.0,0.0,0.0,2.5,2.5,0.0,0.0,55,137.5
444,15176,0,Sonoma,Male,1,Asian,1,100k-200k,6,18-24,1,1,6.0,0.0,0.0,0.0,0.0,0.0,1.5,1.5,0.0,0.0,80,120.0
445,15180,0,Marin,Female,2,White,4,More than 200k,7,35-44,3,1,4.0,0.0,0.0,0.0,0.0,0.0,1.0,1.0,0.0,0.0,40,40.0
447,15259,0,Alameda,Male,1,White,4,75k-100k,5,25-34,2,1,6.0,0.0,4.0,0.0,0.0,0.0,1.7,1.5,0.0,0.2,55,93.5
449,15344,0,Santa Clara,Female,2,Asian,1,100k-200k,6,55-64,5,1,16.0,0.0,0.0,0.0,0.0,0.0,4.0,4.0,0.0,0.0,50,200.0
452,15495,0,Solano,Male,1,White,4,100k-200k,6,35-44,3,1,8.0,0.0,40.0,0.0,0.0,0.0,4.0,2.0,0.0,2.0,60,240.0
453,15628,0,Santa Clara,Female,2,White,4,Unknown,8,65+,6,0,4.0,0.0,0.0,0.0,0.0,0.0,3.0,3.0,0.0,0.0,50,150.0
455,15796,0,San Mateo,Female,2,White,4,Less than 15k,1,35-44,3,1,18.0,0.0,0.0,0.0,0.0,0.0,4.5,4.5,0.0,0.0,30,135.0
456,15831,0,San Mateo,Female,2,Hispanic/Latino,3,75k-100k,5,45-54,4,0,2.0,0.0,0.0,0.0,0.0,0.0,1.5,1.5,0.0,0.0,30,45.0
457,15902,0,Alameda,Male,1,Asian,1,More than 200k,7,35-44,3,1,4.0,0.0,0.0,0.0,0.0,0.0,1.0,1.0,0.0,0.0,55,55.0
458,15955,0,Contra Costa,Female,2,Asian,1,35k-75k,4,55-64,5,0,0.0,0.0,2.0,0.0,0.0,0.0,0.1,0.0,0.0,0.1,40,4.0
461,3214,0,Sonoma,Female,2,White,4,100k-200k,6,25-34,2,0,2.0,0.0,0.0,0.0,0.0,0.0,1.5,1.5,0.0,0.0,80,120.0
463,7773,0,Marin,Female,2,White,4,More than 200k,7,45-54,4,1,32.0,0.0,0.0,0.0,0.0,0.0,8.0,8.0,0.0,0.0,40,320.0
467,11438,0,San Mateo,Non-Binary,3,Refused,7,Unknown,8,18-24,1,1,2.0,0.0,60.0,0.0,0.0,0.0,3.5,0.5,0.0,3.0,30,105.0
468,11525,0,Contra Costa,Female,2,Mixed (Unspecified),8,25k-35k,3,45-54,4,0,2.0,0.0,0.0,0.0,0.0,0.0,1.5,1.5,0.0,0.0,40,60.0
469,11563,0,San Mateo,Male,1,White,4,Unknown,8,25-34,2,0,0.0,0.0,40.0,0.0,0.0,0.0,2.0,0.0,0.0,2.0,30,60.0
471,11683,0,Alameda,Female,2,African American,2,100k-200k,6,65+,6,0,0.0,0.0,8.0,0.0,0.0,0.0,0.4,0.0,0.0,0.4,55,22.0
472,12450,0,San Mateo,Female,2,Refused,7,Unknown,8,Unknown,7,0,14.0,0.0,0.0,0.0,0.0,0.0,10.5,10.5,0.0,0.0,30,315.0
473,13850,0,San Mateo,Female,2,White,4,75k-100k,5,18-24,1,1,10.0,0.0,6.0,0.0,0.0,0.0,2.8,2.5,0.0,0.30000000000000004,30,84.0
475,15774,0,Contra Costa,Male,1,Refused,7,100k-200k,6,25-34,2,1,14.0,0.0,0.0,0.0,0.0,0.0,3.5,3.5,0.0,0.0,40,140.0
476,15806,0,Sonoma,Male,1,White,4,75k-100k,5,65+,6,1,4.0,0.0,0.0,0.0,0.0,0.0,1.0,1.0,0.0,0.0,80,80.0
479,16058,0,Marin,Female,2,White,4,35k-75k,4,65+,6,1,2.0,0.0,0.0,0.0,0.0,0.0,0.5,0.5,0.0,0.0,40,20.0
485,16324,0,San Mateo,Male,1,White,4,100k-200k,6,55-64,5,1,50.0,0.0,4.0,0.0,0.0,0.0,12.7,12.5,0.0,0.2,30,381.0
487,16338,0,Marin,Female,2,Hispanic/Latino,3,15k-25k,2,35-44,3,1,34.0,0.0,0.0,0.0,0.0,0.0,8.5,8.5,0.0,0.0,40,340.0
488,16346,0,Contra Costa,Male,1,African American,2,35k-75k,4,45-54,4,1,62.0,0.0,0.0,0.0,0.0,0.0,15.5,15.5,0.0,0.0,40,620.0
490,16467,0,San Mateo,Male,1,White,4,100k-200k,6,45-54,4,1,8.0,0.0,0.0,0.0,0.0,0.0,2.0,2.0,0.0,0.0,30,60.0
496,16682,0,Marin,Female,2,White,4,75k-100k,5,55-64,5,1,10.0,0.0,2.0,0.0,0.0,0.0,2.6,2.5,0.0,0.1,40,104.0
498,3481,0,Contra Costa,Male,1,White,4,35k-75k,4,18-24,1,0,4.0,0.0,0.0,0.0,0.0,0.0,3.0,3.0,0.0,0.0,40,120.0
500,11760,0,San Mateo,Male,1,Asian,1,More than 200k,7,35-44,3,1,24.0,0.0,0.0,0.0,0.0,0.0,6.0,6.0,0.0,0.0,30,180.0
501,11771,0,Contra Costa,Male,1,Asian,1,35k-75k,4,65+,6,0,0.0,0.0,40.0,0.0,0.0,0.0,2.0,0.0,0.0,2.0,40,80.0
502,11896,0,Marin,Male,1,White,4,100k-200k,6,35-44,3,1,24.0,0.0,0.0,0.0,0.0,0.0,6.0,6.0,0.0,0.0,40,240.0
505,13294,0,San Mateo,Female,2,White,4,More than 200k,7,55-64,5,1,16.0,0.0,0.0,0.0,0.0,0.0,4.0,4.0,0.0,0.0,30,120.0
506,13956,0,Contra Costa,Male,1,Refused,7,75k-100k,5,25-34,2,0,0.0,0.0,6.0,0.0,0.0,0.0,0.30000000000000004,0.0,0.0,0.30000000000000004,40,12.000000000000002
508,16016,0,Santa Clara,Female,2,Asian,1,100k-200k,6,55-64,5,1,4.0,0.0,0.0,0.0,0.0,0.0,1.0,1.0,0.0,0.0,50,50.0
509,16028,0,Marin,Male,1,White,4,100k-200k,6,35-44,3,0,0.0,0.0,4.0,0.0,0.0,0.0,0.2,0.0,0.0,0.2,40,8.0
511,16090,0,Marin,Female,2,White,4,75k-100k,5,65+,6,0,30.0,0.0,0.0,0.0,0.0,0.0,22.5,22.5,0.0,0.0,40,900.0
512,16147,0,Marin,Male,1,White,4,100k-200k,6,45-54,4,1,4.0,0.0,4.0,0.0,0.0,0.0,1.2,1.0,0.0,0.2,40,48.0
521,16891,0,Santa Clara,Male,1,Asian,1,75k-100k,5,35-44,3,0,0.0,0.0,0.0,40.0,0.0,0.0,0.0,0.0,0.0,0.0,50,0.0
523,16949,0,Alameda,Female,2,Hispanic/Latino,3,75k-100k,5,65+,6,1,40.0,0.0,0.0,0.0,0.0,0.0,10.0,10.0,0.0,0.0,55,550.0
526,17078,0,Alameda,Male,1,White,4,More than 200k,7,45-54,4,0,6.0,0.0,0.0,0.0,0.0,0.0,4.5,4.5,0.0,0.0,55,247.5
529,17171,0,Marin,Female,2,White,4,75k-100k,5,45-54,4,1,2.0,0.0,0.0,0.0,0.0,0.0,0.5,0.5,0.0,0.0,40,20.0
534,17251,0,Contra Costa,Male,1,African American,2,35k-75k,4,35-44,3,1,4.0,0.0,4.0,0.0,0.0,0.0,1.2,1.0,0.0,0.2,40,48.0
545,17579,0,Contra Costa,Male,1,White,4,100k-200k,6,18-24,1,0,0.0,0.0,50.0,0.0,0.0,0.0,2.5,0.0,0.0,2.5,40,100.0
546,17582,0,Marin,Female,2,White,4,Unknown,8,55-64,5,0,2.0,0.0,0.0,0.0,0.0,0.0,1.5,1.5,0.0,0.0,40,60.0
549,17653,0,Alameda,Female,2,African American,2,75k-100k,5,35-44,3,0,54.0,0.0,0.0,0.0,0.0,0.0,40.5,40.5,0.0,0.0,55,2227.5
553,17802,0,San Mateo,Female,2,White,4,75k-100k,5,45-54,4,0,40.0,0.0,0.0,0.0,0.0,0.0,30.0,30.0,0.0,0.0,30,900.0
556,17863,0,San Mateo,Male,1,Hispanic/Latino,3,Unknown,8,35-44,3,0,0.0,0.0,2.0,0.0,0.0,0.0,0.1,0.0,0.0,0.1,30,3.0
558,3401,0,Marin,Male,1,White,4,More than 200k,7,55-64,5,1,4.0,0.0,0.0,0.0,0.0,0.0,1.0,1.0,0.0,0.0,40,40.0
559,9279,0,Contra Costa,Female,2,Refused,7,Unknown,8,Unknown,7,0,4.0,0.0,0.0,0.0,0.0,0.0,3.0,3.0,0.0,0.0,40,120.0
562,16917,0,San Mateo,Male,1,White,4,75k-100k,5,35-44,3,0,0.0,0.0,60.0,0.0,0.0,0.0,3.0,0.0,0.0,3.0,30,90.0
565,17074,0,Marin,Female,2,Refused,7,75k-100k,5,35-44,3,1,2.0,2.0,0.0,0.0,0.0,0.0,1.5,0.5,1.0,0.0,40,60.0
567,17205,0,Marin,Female,2,Asian,1,Unknown,8,45-54,4,1,2.0,0.0,0.0,0.0,0.0,0.0,0.5,0.5,0.0,0.0,40,20.0
575,17696,0,Contra Costa,Male,1,Asian,1,Unknown,8,55-64,5,0,0.0,0.0,0.0,60.0,0.0,0.0,0.0,0.0,0.0,0.0,40,0.0
576,17977,0,San Mateo,Male,1,Refused,7,Unknown,8,35-44,3,1,10.0,0.0,0.0,0.0,0.0,0.0,2.5,2.5,0.0,0.0,30,75.0
578,18047,0,Marin,Female,2,White,4,100k-200k,6,35-44,3,0,0.0,0.0,4.0,0.0,0.0,0.0,0.2,0.0,0.0,0.2,40,8.0
581,18248,0,Alameda,Female,2,White,4,35k-75k,4,65+,6,1,26.0,0.0,60.0,0.0,0.0,0.0,9.5,6.5,0.0,3.0,55,522.5
583,18364,0,Contra Costa,Female,2,Asian,1,Unknown,8,25-34,2,1,2.0,0.0,12.0,0.0,0.0,0.0,1.1,0.5,0.0,0.6000000000000001,40,44.0
586,18454,0,Sonoma,Male,1,Hispanic/Latino,3,Less than 15k,1,55-64,5,0,0.0,0.0,2.0,0.0,0.0,0.0,0.1,0.0,0.0,0.1,80,8.0
588,5539,0,Contra Costa,Female,2,Hispanic/Latino,3,15k-25k,2,25-34,2,1,2.0,0.0,0.0,0.0,0.0,0.0,0.5,0.5,0.0,0.0,40,20.0
589,6639,0,San Mateo,Male,1,African American,2,35k-75k,4,35-44,3,1,6.0,0.0,0.0,0.0,0.0,0.0,1.5,1.5,0.0,0.0,30,45.0
594,18631,0,Alameda,Male,1,Mixed (Unspecified),8,35k-75k,4,35-44,3,0,0.0,0.0,4.0,0.0,0.0,0.0,0.2,0.0,0.0,0.2,55,11.0
600,18915,0,Alameda,Male,1,Asian,1,Unknown,8,25-34,2,1,38.0,0.0,0.0,0.0,0.0,0.0,9.5,9.5,0.0,0.0,55,522.5
602,18948,0,Contra Costa,Male,1,White,4,Unknown,8,55-64,5,1,4.0,0.0,0.0,0.0,0.0,0.0,1.0,1.0,0.0,0.0,40,40.0
604,19036,0,Marin,Male,1,White,4,100k-200k,6,55-64,5,1,20.0,0.0,20.0,0.0,0.0,0.0,6.0,5.0,0.0,1.0,40,240.0
607,19119,0,San Mateo,Female,2,Asian,1,15k-25k,2,35-44,3,1,60.0,0.0,0.0,0.0,0.0,0.0,15.0,15.0,0.0,0.0,30,450.0
610,19236,0,Contra Costa,Female,2,Asian,1,Unknown,8,35-44,3,0,2.0,0.0,40.0,0.0,0.0,0.0,3.5,1.5,0.0,2.0,40,140.0
613,19336,0,Alameda,Male,1,Asian,1,100k-200k,6,25-34,2,0,44.0,0.0,0.0,0.0,0.0,0.0,33.0,33.0,0.0,0.0,55,1815.0
614,19340,0,Contra Costa,Male,1,White,4,75k-100k,5,35-44,3,0,0.0,0.0,2.0,0.0,0.0,0.0,0.1,0.0,0.0,0.1,40,4.0
617,19504,0,Marin,Male,1,White,4,100k-200k,6,55-64,5,1,8.0,0.0,0.0,0.0,0.0,0.0,2.0,2.0,0.0,0.0,40,80.0
618,19536,0,Contra Costa,Female,2,African American,2,35k-75k,4,35-44,3,1,40.0,0.0,6.0,0.0,0.0,0.0,10.3,10.0,0.0,0.30000000000000004,40,412.0
619,19554,0,Marin,Male,1,Hispanic/Latino,3,Unknown,8,55-64,5,0,2.0,0.0,0.0,0.0,0.0,0.0,1.5,1.5,0.0,0.0,40,60.0
620,19586,0,Santa Clara,Female,2,Hispanic/Latino,3,75k-100k,5,25-34,2,1,28.0,0.0,0.0,0.0,0.0,0.0,7.0,7.0,0.0,0.0,50,350.0
623,19791,0,Contra Costa,Male,1,White,4,100k-200k,6,45-54,4,0,10.0,0.0,0.0,0.0,0.0,0.0,7.5,7.5,0.0,0.0,40,300.0
624,19826,0,Alameda,Male,1,White,4,Unknown,8,35-44,3,0,0.0,0.0,2.0,0.0,0.0,0.0,0.1,0.0,0.0,0.1,55,5.5
626,16915,0,Marin,Male,1,White,4,More than 200k,7,25-34,2,1,2.0,0.0,40.0,0.0,0.0,0.0,2.5,0.5,0.0,2.0,40,100.0
631,19931,0,Alameda,Non-Binary,3,Refused,7,Unknown,8,Unknown,7,0,8.0,0.0,0.0,0.0,0.0,0.0,6.0,6.0,0.0,0.0,55,330.0
636,20211,0,Solano,Male,1,White,4,75k-100k,5,35-44,3,0,0.0,0.0,2.0,0.0,0.0,0.0,0.1,0.0,0.0,0.1,60,6.0
637,20222,0,San Mateo,Female,2,White,4,Less than 15k,1,65+,6,0,0.0,0.0,58.0,0.0,0.0,0.0,2.9000000000000004,0.0,0.0,2.9000000000000004,30,87.00000000000001
640,20381,0,San Mateo,Female,2,Asian,1,15k-25k,2,25-34,2,1,58.0,0.0,0.0,0.0,0.0,0.0,14.5,14.5,0.0,0.0,30,435.0
641,20417,0,Alameda,Male,1,Asian,1,More than 200k,7,45-54,4,0,0.0,0.0,6.0,0.0,0.0,0.0,0.30000000000000004,0.0,0.0,0.30000000000000004,55,16.500000000000004
643,20456,0,Contra Costa,Female,2,Hispanic/Latino,3,35k-75k,4,65+,6,0,34.0,0.0,6.0,0.0,0.0,0.0,25.8,25.5,0.0,0.30000000000000004,40,1032.0
646,20611,0,Marin,Female,2,White,4,More than 200k,7,55-64,5,0,6.0,0.0,0.0,0.0,0.0,0.0,4.5,4.5,0.0,0.0,40,180.0
647,20684,0,Contra Costa,Male,1,Asian,1,100k-200k,6,55-64,5,0,2.0,0.0,0.0,0.0,0.0,0.0,1.5,1.5,0.0,0.0,40,60.0
649,20695,0,San Mateo,Male,1,Hispanic/Latino,3,25k-35k,3,18-24,1,1,40.0,0.0,0.0,0.0,0.0,0.0,10.0,10.0,0.0,0.0,30,300.0
657,21054,0,Sonoma,Female,2,White,4,25k-35k,3,18-24,1,1,2.0,0.0,0.0,0.0,0.0,0.0,0.5,0.5,0.0,0.0,80,40.0
659,21088,0,San Mateo,Male,1,White,4,75k-100k,5,25-34,2,1,2.0,0.0,0.0,0.0,0.0,0.0,0.5,0.5,0.0,0.0,30,15.0
660,21166,0,Alameda,Male,1,Asian,1,100k-200k,6,25-34,2,0,0.0,0.0,42.0,0.0,0.0,0.0,2.1,0.0,0.0,2.1,55,115.5
664,21250,0,Sonoma,Male,1,White,4,35k-75k,4,35-44,3,0,0.0,0.0,4.0,0.0,0.0,0.0,0.2,0.0,0.0,0.2,80,16.0
665,15587,0,Alameda,Female,2,Hispanic/Latino,3,35k-75k,4,25-34,2,0,10.0,0.0,0.0,0.0,0.0,0.0,7.5,7.5,0.0,0.0,55,412.5
666,15748,0,Contra Costa,Male,1,Asian,1,More than 200k,7,35-44,3,1,2.0,0.0,0.0,0.0,0.0,0.0,0.5,0.5,0.0,0.0,40,20.0
671,21313,0,San Mateo,Male,1,Asian,1,100k-200k,6,55-64,5,1,40.0,0.0,0.0,0.0,0.0,0.0,10.0,10.0,0.0,0.0,30,300.0
674,21371,0,Marin,Female,2,Hispanic/Latino,3,75k-100k,5,45-54,4,1,60.0,0.0,0.0,0.0,0.0,0.0,15.0,15.0,0.0,0.0,40,600.0
675,21374,0,Alameda,Male,1,Asian,1,More than 200k,7,35-44,3,0,0.0,0.0,40.0,0.0,0.0,0.0,2.0,0.0,0.0,2.0,55,110.0
682,21502,0,Alameda,Male,1,African American,2,Unknown,8,35-44,3,0,0.0,0.0,2.0,0.0,0.0,0.0,0.1,0.0,0.0,0.1,55,5.5
684,21529,0,Alameda,Female,2,African American,2,100k-200k,6,45-54,4,0,44.0,0.0,0.0,0.0,0.0,0.0,33.0,33.0,0.0,0.0,55,1815.0
685,21661,0,Santa Clara,Male,1,Asian,1,More than 200k,7,35-44,3,1,6.0,2.0,0.0,0.0,0.0,0.0,2.5,1.5,1.0,0.0,50,125.0
687,21784,0,Contra Costa,Male,1,White,4,75k-100k,5,55-64,5,1,4.0,0.0,40.0,0.0,0.0,0.0,3.0,1.0,0.0,2.0,40,120.0
688,21787,0,Marin,Female,2,White,4,Unknown,8,45-54,4,1,6.0,0.0,0.0,0.0,0.0,0.0,1.5,1.5,0.0,0.0,40,60.0
689,21795,0,Marin,Female,2,White,4,Unknown,8,55-64,5,1,4.0,0.0,0.0,0.0,0.0,0.0,1.0,1.0,0.0,0.0,40,40.0
692,21923,0,San Mateo,Female,2,White,4,Unknown,8,65+,6,0,16.0,0.0,4.0,0.0,0.0,0.0,12.2,12.0,0.0,0.2,30,366.0
695,21966,0,San Mateo,Male,1,White,4,More than 200k,7,35-44,3,0,4.0,0.0,2.0,0.0,0.0,0.0,3.1,3.0,0.0,0.1,30,93.0
699,22062,0,Marin,Male,1,White,4,More than 200k,7,35-44,3,1,44.0,0.0,0.0,0.0,0.0,0.0,11.0,11.0,0.0,0.0,40,440.0
700,22081,0,San Mateo,Female,2,Hispanic/Latino,3,75k-100k,5,45-54,4,1,40.0,0.0,16.0,0.0,0.0,0.0,10.8,10.0,0.0,0.8,30,324.0
704,22272,0,Santa Clara,Female,2,White,4,100k-200k,6,35-44,3,1,2.0,0.0,0.0,0.0,0.0,0.0,0.5,0.5,0.0,0.0,50,25.0
707,22339,0,San Mateo,Female,2,Asian,1,More than 200k,7,25-34,2,1,4.0,0.0,0.0,0.0,0.0,0.0,1.0,1.0,0.0,0.0,30,30.0
711,22475,0,Contra Costa,Male,1,Asian,1,100k-200k,6,35-44,3,1,10.0,0.0,0.0,0.0,0.0,0.0,2.5,2.5,0.0,0.0,40,100.0
712,22533,0,Alameda,Female,2,Asian,1,15k-25k,2,35-44,3,0,0.0,0.0,4.0,0.0,0.0,0.0,0.2,0.0,0.0,0.2,55,11.0
714,22617,0,Contra Costa,Male,1,White,4,Unknown,8,45-54,4,0,0.0,0.0,4.0,0.0,0.0,0.0,0.2,0.0,0.0,0.2,40,8.0
717,22706,0,San Mateo,Male,1,Hispanic/Latino,3,75k-100k,5,35-44,3,1,48.0,0.0,0.0,0.0,0.0,0.0,12.0,12.0,0.0,0.0,30,360.0
718,22740,0,Alameda,Female,2,White,4,75k-100k,5,35-44,3,0,0.0,2.0,0.0,0.0,0.0,2.0,1.0,0.0,1.0,0.0,55,55.0
719,22743,0,Alameda,Male,1,White,4,100k-200k,6,35-44,3,0,0.0,0.0,60.0,0.0,0.0,0.0,3.0,0.0,0.0,3.0,55,165.0
720,22820,0,Alameda,Male,1,Asian,1,100k-200k,6,45-54,4,0,0.0,0.0,2.0,0.0,0.0,0.0,0.1,0.0,0.0,0.1,55,5.5
722,22886,0,Contra Costa,Female,2,Refused,7,Unknown,8,18-24,1,0,0.0,0.0,46.0,0.0,0.0,0.0,2.3000000000000003,0.0,0.0,2.3000000000000003,40,92.00000000000001
724,22980,0,Alameda,Female,2,Asian,1,35k-75k,4,35-44,3,1,4.0,0.0,30.0,0.0,0.0,0.0,2.5,1.0,0.0,1.5,55,137.5
768,6822,0,Contra Costa,Male,1,White,4,More than 200k,7,35-44,3,0,0.0,0.0,6.0,0.0,0.0,0.0,0.30000000000000004,0.0,0.0,0.30000000000000004,40,12.000000000000002
776,20687,0,San Mateo,Male,1,Asian,1,Unknown,8,25-34,2,0,0.0,0.0,14.0,0.0,0.0,0.0,0.7000000000000001,0.0,0.0,0.7000000000000001,30,21.000000000000004
783,19561,0,Marin,Female,2,Refused,7,Unknown,8,35-44,3,0,10.0,0.0,0.0,0.0,0.0,0.0,7.5,7.5,0.0,0.0,40,300.0
796,17038,0,San Mateo,Male,1,Hispanic/Latino,3,35k-75k,4,35-44,3,1,50.0,0.0,0.0,0.0,0.0,0.0,12.5,12.5,0.0,0.0,30,375.0
800,25623,0,San Mateo,Female,2,Hispanic/Latino,3,15k-25k,2,18-24,1,1,4.0,0.0,0.0,0.0,0.0,0.0,1.0,1.0,0.0,0.0,30,30.0
801,5914,0,Santa Clara,Female,2,Asian,1,Unknown,8,65+,6,1,2.0,0.0,0.0,0.0,0.0,0.0,0.5,0.5,0.0,0.0,50,25.0
802,20034,0,Santa Clara,Male,1,Asian,1,75k-100k,5,45-54,4,0,0.0,0.0,12.0,0.0,0.0,0.0,0.6000000000000001,0.0,0.0,0.6000000000000001,50,30.000000000000004
